Workbook

Sheet Özet
A1: RV32IMACBFV — Proje TODO ve İlerleme
A3: Genel Özet
A4: Toplam görev | B4: =COUNTA(Görevler!$A$2:$A$116) -> 115
A5: Tamamlandı | B5: =COUNTIF(Görevler!$H$2:$H$116,"Tamamlandı") -> 13
A6: Devam Ediyor | B6: =COUNTIF(Görevler!$H$2:$H$116,"Devam Ediyor") -> 3
A7: Yapılacak | B7: =COUNTIF(Görevler!$H$2:$H$116,"Yapılacak") -> 99
A8: Bloke | B8: =COUNTIF(Görevler!$H$2:$H$116,"Bloke") -> 0
A9: İlerleme % | B9: =IFERROR(B5/B4,0) -> 0.11304348
A11: Faz Bazında İlerleme
A12: Faz | B12: Toplam | C12: Tamamlandı | D12: İlerleme %
A13: Faz 0 | B13: =COUNTIF(Görevler!$B$2:$B$116,$A13) -> 12 | C13: =COUNTIFS(Görevler!$B$2:$B$116,$A13,Görevler!$H$2:$H$116,"Tamamlandı") -> 6 | D13: =IFERROR(C13/B13,0) -> 0.5
A14: Faz 1 | B14: =COUNTIF(Görevler!$B$2:$B$116,$A14) -> 26 | C14: =COUNTIFS(Görevler!$B$2:$B$116,$A14,Görevler!$H$2:$H$116,"Tamamlandı") -> 6 | D14: =IFERROR(C14/B14,0) -> 0.23076923
A15: Faz 2 | B15: =COUNTIF(Görevler!$B$2:$B$116,$A15) -> 7 | C15: =COUNTIFS(Görevler!$B$2:$B$116,$A15,Görevler!$H$2:$H$116,"Tamamlandı") -> 0 | D15: =IFERROR(C15/B15,0) -> 0
A16: Faz 3 | B16: =COUNTIF(Görevler!$B$2:$B$116,$A16) -> 15 | C16: =COUNTIFS(Görevler!$B$2:$B$116,$A16,Görevler!$H$2:$H$116,"Tamamlandı") -> 1 | D16: =IFERROR(C16/B16,0) -> 0.066666667
A17: Faz 4 | B17: =COUNTIF(Görevler!$B$2:$B$116,$A17) -> 5 | C17: =COUNTIFS(Görevler!$B$2:$B$116,$A17,Görevler!$H$2:$H$116,"Tamamlandı") -> 0 | D17: =IFERROR(C17/B17,0) -> 0
A18: Faz 5 | B18: =COUNTIF(Görevler!$B$2:$B$116,$A18) -> 10 | C18: =COUNTIFS(Görevler!$B$2:$B$116,$A18,Görevler!$H$2:$H$116,"Tamamlandı") -> 0 | D18: =IFERROR(C18/B18,0) -> 0
A19: Faz 6 | B19: =COUNTIF(Görevler!$B$2:$B$116,$A19) -> 9 | C19: =COUNTIFS(Görevler!$B$2:$B$116,$A19,Görevler!$H$2:$H$116,"Tamamlandı") -> 0 | D19: =IFERROR(C19/B19,0) -> 0
A20: Faz 7 | B20: =COUNTIF(Görevler!$B$2:$B$116,$A20) -> 5 | C20: =COUNTIFS(Görevler!$B$2:$B$116,$A20,Görevler!$H$2:$H$116,"Tamamlandı") -> 0 | D20: =IFERROR(C20/B20,0) -> 0
A21: Faz 8 | B21: =COUNTIF(Görevler!$B$2:$B$116,$A21) -> 5 | C21: =COUNTIFS(Görevler!$B$2:$B$116,$A21,Görevler!$H$2:$H$116,"Tamamlandı") -> 0 | D21: =IFERROR(C21/B21,0) -> 0
A22: Faz 9 | B22: =COUNTIF(Görevler!$B$2:$B$116,$A22) -> 3 | C22: =COUNTIFS(Görevler!$B$2:$B$116,$A22,Görevler!$H$2:$H$116,"Tamamlandı") -> 0 | D22: =IFERROR(C22/B22,0) -> 0
A23: Track-F | B23: =COUNTIF(Görevler!$B$2:$B$116,$A23) -> 11 | C23: =COUNTIFS(Görevler!$B$2:$B$116,$A23,Görevler!$H$2:$H$116,"Tamamlandı") -> 0 | D23: =IFERROR(C23/B23,0) -> 0
A24: Track-P | B24: =COUNTIF(Görevler!$B$2:$B$116,$A24) -> 4 | C24: =COUNTIFS(Görevler!$B$2:$B$116,$A24,Görevler!$H$2:$H$116,"Tamamlandı") -> 0 | D24: =IFERROR(C24/B24,0) -> 0
A25: İleri Mimari | B25: =COUNTIF(Görevler!$B$2:$B$116,$A25) -> 3 | C25: =COUNTIFS(Görevler!$B$2:$B$116,$A25,Görevler!$H$2:$H$116,"Tamamlandı") -> 0 | D25: =IFERROR(C25/B25,0) -> 0
A28: Lejant ve Kullanım
A29: • Durum: Yapılacak → Devam Ediyor → Tamamlandı (Bloke = engellenmiş)
A30: • Öncelik: Kritik > Yüksek > Orta > Düşük > Opsiyonel
A31: • Efor: S (küçük) · M (orta) · L (büyük) · XL (devasa)
A32: • Düzenlenecek sütunlar: Durum (H), Öncelik (G), Efor (F), Not (J). Diğerlerini değiştirme.
A33: • Görevler sekmesinde Durum/Öncelik/Efor hücrelerinde açılır menü var; renkler otomatik güncellenir.
A34: • Bu özet sayfası formüllüdür: Görevler'de durum değiştikçe sayılar ve yüzdeler kendiliğinden güncellenir.

Sheet Görevler
A1: ID | B1: Faz | C1: Kategori | D1: Görev | E1: Açıklama / Çıktı | F1: Efor | G1: Öncelik | H1: Durum | I1: Bağımlılık | J1: Not
A2: T001 | B2: Faz 0 | C2: Altyapı | D2: HDL seçimi: SystemVerilog | E2: ASIC araç desteği + paket/interface kolaylığı | F2: S | G2: Kritik | H2: Tamamlandı | I2: - | J2: Karar verildi
A3: T002 | B3: Faz 0 | C3: Altyapı | D3: Başlangıç mikromimari kararı (M0→M2) | E3: Önce single-cycle, sonra 5-stage | F3: S | G3: Kritik | H3: Tamamlandı | I3: - | J3: Karar verildi
A4: T003 | B4: Faz 0 | C4: Altyapı | D4: Repo / dizin yapısı | E4: rtl/tb/verif/syn/sw/flist… | F4: S | G4: Kritik | H4: Tamamlandı | I4: - | J4: Yerel olarak kuruldu
A5: T004 | B5: Faz 0 | C5: Tasarım | D5: riscv_pkg.sv (opcode/funct/enum) | E5: Ortak ISA sözlüğü | F5: S | G5: Kritik | H5: Devam Ediyor | I5: T003 | J5: İskeleti hazır, tamamlanacak
A6: T005 | B6: Faz 0 | C6: Tasarım | D6: core_config_pkg.sv (feature toggles) | E6: M_EN/F_EN/V_EN, XLEN, reset addr | F6: S | G6: Kritik | H6: Devam Ediyor | I6: T003 | J6: İskeleti hazır
A7: T006 | B7: Faz 0 | C7: Altyapı | D7: RISC-V GCC/LLVM toolchain | E7: Test programı derleme | F7: S | G7: Kritik | H7: Tamamlandı | I7: -
A8: T007 | B8: Faz 0 | C8: Altyapı | D8: Verilator kurulumu | E8: Hızlı simülasyon | F8: S | G8: Kritik | H8: Tamamlandı | I8: -
A9: T008 | B9: Faz 0 | C9: Altyapı | D9: Spike (golden model) kurulumu | E9: Referans ISA simülatörü | F9: S | G9: Kritik | H9: Tamamlandı | I9: -
A10: T009 | B10: Faz 0 | C10: Doğrulama | D10: Spike lockstep co-sim harness | E10: RTL↔Spike durum karşılaştırma | F10: M | G10: Kritik | H10: Yapılacak | I10: T007,T008 | J10: Doğrulamanın bel kemiği
A11: T010 | B11: Faz 0 | C11: Altyapı | D11: Lint (Verible/Verilator) | E11: Sentez öncesi hata yakalama | F11: S | G11: Yüksek | H11: Yapılacak | I11: -
A12: T011 | B12: Faz 0 | C12: Altyapı | D12: Formal (SymbiYosys) kurulumu | E12: Property tabanlı doğrulama | F12: S | G12: Orta | H12: Yapılacak | I12: -
A13: T012 | B13: Faz 0 | C13: Altyapı | D13: CI pipeline | E13: commit: lint+unit+smoke; nightly: full | F13: M | G13: Yüksek | H13: Yapılacak | I13: T007,T008,T010
A14: T013 | B14: Faz 1 | C14: Tasarım | D14: PC + PC-adder | E14: Sonraki komut adresi | F14: S | G14: Kritik | H14: Tamamlandı | I14: T004 | J14: M0 single-cycle
A15: T014 | B15: Faz 1 | C15: Tasarım | D15: Instruction memory arayüzü | E15: Komut çekme | F15: S | G15: Kritik | H15: Tamamlandı | I15: -
A16: T015 | B16: Faz 1 | C16: Tasarım | D16: Register file (x0=0, 2R/1W) | E16: Mimari register'lar | F16: S | G16: Kritik | H16: Tamamlandı | I16: T004
A17: T016 | B17: Faz 1 | C17: Tasarım | D17: Immediate generator (I/S/B/U/J) | E17: Immediate çıkarımı | F17: S | G17: Kritik | H17: Tamamlandı | I17: T004
A18: T017 | B18: Faz 1 | C18: Tasarım | D18: ALU (behavioral + ilk, ölç) | E18: Aritmetik/mantık; toplayıcıyı ölç-optimize | F18: M | G18: Kritik | H18: Tamamlandı | I18: - | J18: Önce +, gerekirse Kogge-Stone vs.
A19: T018 | B19: Faz 1 | C19: Tasarım | D19: ALU control | E19: funct → ALU op | F19: S | G19: Kritik | H19: Yapılacak | I19: T017
A20: T019 | B20: Faz 1 | C20: Tasarım | D20: Data memory arayüzü | E20: Load/store | F20: S | G20: Kritik | H20: Tamamlandı | I20: -
A21: T020 | B21: Faz 1 | C21: Tasarım | D21: Control/decode (kombinasyonel) | E21: opcode → kontrol sinyalleri | F21: M | G21: Kritik | H21: Yapılacak | I21: T004
A22: T021 | B22: Faz 1 | C22: Tasarım | D22: Datapath mux'lar + next-PC | E22: ALU src, WB src, PC seçimi | F22: S | G22: Kritik | H22: Yapılacak | I22: -
A23: T022 | B23: Faz 1 | C23: Tasarım | D23: M0 single-cycle RV32I bring-up | E23: İlk çalışan çekirdek | F23: M | G23: Kritik | H23: Yapılacak | I23: T013,T015,T017,T020 | J23: En basit ilk milestone
A24: T023 | B24: Faz 1 | C24: Tasarım | D24: csr.sv: 12-bit adres decode + izin | E24: CSR motoru iskeleti | F24: S | G24: Kritik | H24: Yapılacak | I24: T022 | J24: CSR temel çekirdeğin parçası
A25: T024 | B25: Faz 1 | C25: Tasarım | D25: CSR atomik oku/yaz/set/clear | E25: CSRRW/S/C + immediate | F25: M | G25: Kritik | H25: Yapılacak | I25: T023
A26: T025 | B26: Faz 1 | C26: Tasarım | D26: Temel CSR'lar (misa, mhartid, id'ler) | E26: Makine bilgisi; misa = uzantı ilanı | F26: S | G26: Kritik | H26: Yapılacak | I26: T023 | J26: IMACBFV bitlerini burada bildir
A27: T026 | B27: Faz 1 | C27: Tasarım | D27: Sayaç CSR'ları (mcycle/minstret +h) | E27: 64-bit sayaç iki register | F27: S | G27: Yüksek | H27: Yapılacak | I27: T023
A28: T027 | B28: Faz 1 | C28: Tasarım | D28: illegal-CSR sinyali | E28: Trap Faz 2'de tamamlanır | F28: S | G28: Yüksek | H28: Yapılacak | I28: T024 | J28: Bootstrapping
A29: T028 | B29: Faz 1 | C29: Tasarım | D29: CSR RAW hazard | E29: CSR yaz → oku bağımlılığı | F29: S | G29: Yüksek | H29: Yapılacak | I29: T024,T029
A30: T029 | B30: Faz 1 | C30: Tasarım | D30: Pipeline register'lar (4 adet) | E30: IF/ID … MEM/WB | F30: M | G30: Kritik | H30: Yapılacak | I30: T022 | J30: M2 5-stage
A31: T030 | B31: Faz 1 | C31: Tasarım | D31: Hazard detection unit | E31: Tehlike tespiti / stall | F31: M | G31: Kritik | H31: Yapılacak | I31: T029
A32: T031 | B32: Faz 1 | C32: Tasarım | D32: Forwarding/bypass unit | E32: Sonucu EX'e geri yönlendir | F32: M | G32: Kritik | H32: Yapılacak | I32: T029
A33: T032 | B33: Faz 1 | C33: Tasarım | D33: Stall/flush logic | E33: Bubble + branch flush | F33: M | G33: Kritik | H33: Yapılacak | I33: T029,T030
A34: T033 | B34: Faz 1 | C34: Tasarım | D34: Branch resolution + flush | E34: EX'te çöz, yanlışı temizle | F34: M | G34: Yüksek | H34: Yapılacak | I34: T029
A35: T034 | B35: Faz 1 | C35: Tasarım | D35: Basit branch predictor (ops.) | E35: Statik / BHT | F35: S | G35: Düşük | H35: Yapılacak | I35: T033 | J35: Opsiyonel v1
A36: T035 | B36: Faz 1 | C36: Doğrulama | D36: Directed asm testleri | E36: Elle basit programlar | F36: S | G36: Yüksek | H36: Yapılacak | I36: T022
A37: T036 | B37: Faz 1 | C37: Doğrulama | D37: riscv-arch-test (I + Zicsr) | E37: Uyumluluk | F37: M | G37: Kritik | H37: Yapılacak | I37: T022,T024
A38: T037 | B38: Faz 1 | C38: Doğrulama | D38: Spike co-sim (RV32I+Zicsr) | E38: Lockstep karşılaştırma | F38: M | G38: Kritik | H38: Yapılacak | I38: T009,T022
A39: T038 | B39: Faz 1 | C39: Doğrulama | D39: riscv-dv random | E39: Rastgele program | F39: M | G39: Yüksek | H39: Yapılacak | I39: T037
A40: T039 | B40: Faz 2 | C40: Tasarım | D40: Trap CSR'ları (mstatus/mtvec/…) | E40: Mevcut motora eklenir | F40: M | G40: Yüksek | H40: Yapılacak | I40: T024
A41: T040 | B41: Faz 2 | C41: Tasarım | D41: Exception mantığı | E41: Illegal/misaligned/ecall/ebreak | F41: M | G41: Yüksek | H41: Yapılacak | I41: T039,T027
A42: T041 | B42: Faz 2 | C42: Tasarım | D42: Interrupt mantığı | E42: Timer/software/external | F42: M | G42: Yüksek | H42: Yapılacak | I42: T039
A43: T042 | B43: Faz 2 | C43: Tasarım | D43: CLINT (timer + sw interrupt) | E43: İlk çevre birimi | F43: M | G43: Yüksek | H43: Yapılacak | I43: T041
A44: T043 | B44: Faz 2 | C44: Tasarım | D44: mret / wfi | E44: Trap dönüşü / bekleme | F44: S | G44: Yüksek | H44: Yapılacak | I44: T039
A45: T044 | B45: Faz 2 | C45: Tasarım | D45: illegal-CSR trap tamamlama | E45: Faz 1 sinyalini trap'e bağla | F45: S | G45: Orta | H45: Yapılacak | I45: T027,T040
A46: T045 | B46: Faz 2 | C46: Doğrulama | D46: Doğrulama: privileged + trap testleri | E46: arch-test + co-sim | F46: M | G46: Yüksek | H46: Yapılacak | I46: T037,T039
A47: T046 | B47: Faz 3 | C47: Tasarım | D47: Çarpıcı (behavioral *, retiming) | E47: FPGA→DSP, ASIC→Booth-Wallace | F47: M | G47: Yüksek | H47: Yapılacak | I47: - | J47: Strateji belirlendi
A48: T047 | B48: Faz 3 | C48: Tasarım | D48: MUL/MULH/MULHU/MULHSU | E48: 33-bit işaret genişletme hilesi | F48: S | G48: Yüksek | H48: Yapılacak | I48: T046
A49: T048 | B49: Faz 3 | C49: Tasarım | D49: Bölücü div_r4 (radix-4) | E49: DIV/DIVU/REM/REMU + özel durumlar | F49: L | G49: Yüksek | H49: Tamamlandı | I49: - | J49: 20.022 testte doğrulandı
A50: T049 | B50: Faz 3 | C50: Tasarım | D50: Bölücü Aşama 2: carry-save SRT + QST | E50: Cycle süresini kısaltır | F50: L | G50: Opsiyonel | H50: Yapılacak | I50: T048 | J50: Opsiyonel performans
A51: T050 | B51: Faz 3 | C51: Tasarım | D51: muldiv_unit + EX entegrasyonu | E51: Çarpıcı + bölücü birleştir | F51: M | G51: Yüksek | H51: Yapılacak | I51: T046,T048
A52: T051 | B52: Faz 3 | C52: Tasarım | D52: Fusion (MULH+MUL, DIV+REM) | E52: Ardışık çifti tek geçişe indir | F52: S | G52: Düşük | H52: Yapılacak | I52: T050
A53: T052 | B53: Faz 3 | C53: Doğrulama | D53: Doğrulama M: arch-test + co-sim | F53: S | G53: Yüksek | H53: Yapılacak | I53: T050
A54: T053 | B54: Faz 3 | C54: Tasarım | D54: Decompressor (16→32-bit) | E54: C uzantısı | F54: M | G54: Orta | H54: Yapılacak | I54: T022 | J54: is_compressed helper hazır
A55: T054 | B55: Faz 3 | C55: Tasarım | D55: Fetch hizalama (IALIGN=16) | E55: Sınır aşan 32-bit komut | F55: M | G55: Orta | H55: Yapılacak | I55: T053
A56: T055 | B56: Faz 3 | C56: Doğrulama | D56: Doğrulama C: arch-test + kod boyutu | F56: S | G56: Orta | H56: Yapılacak | I56: T053
A57: T056 | B57: Faz 3 | C57: Tasarım | D57: B: Zba (sh1add/sh2add/sh3add) | E57: Adres üretimi | F57: S | G57: Orta | H57: Yapılacak | I57: T017
A58: T057 | B58: Faz 3 | C58: Tasarım | D58: B: Zbb (clz/ctz/cpop/min/max/rotate) | E58: Temel bitmanip | F58: M | G58: Orta | H58: Yapılacak | I58: T017
A59: T058 | B59: Faz 3 | C59: Tasarım | D59: B: Zbc (clmul) | E59: Carryless multiply | F59: S | G59: Düşük | H59: Yapılacak | I59: -
A60: T059 | B60: Faz 3 | C60: Tasarım | D60: B: Zbs (bset/bclr/binv/bext) | E60: Tek-bit işlemler | F60: S | G60: Düşük | H60: Yapılacak | I60: T017
A61: T060 | B61: Faz 3 | C61: Doğrulama | D61: Doğrulama B: arch-test (alt-uzantılar) | F61: S | G61: Orta | H61: Yapılacak | I61: T056,T057,T058,T059
A62: T061 | B62: Faz 4 | C62: Tasarım | D62: LR/SC + reservation set | E62: Load-reserved/store-conditional | F62: M | G62: Orta | H62: Yapılacak | I62: T064
A63: T062 | B63: Faz 4 | C63: Tasarım | D63: AMO (amoadd/amoswap/…) | E63: Read-modify-write | F63: M | G63: Orta | H63: Yapılacak | I63: T064
A64: T063 | B64: Faz 4 | C64: Tasarım | D64: Bellek sıralaması + fence/fence.i | E64: RVWMO | F64: M | G64: Orta | H64: Yapılacak | I64: -
A65: T064 | B65: Faz 4 | C65: Tasarım | D65: Gerçek bus protokolü tanımı | E65: Sihirli belleği bırak | F65: M | G65: Yüksek | H65: Yapılacak | I65: - | J65: Faz 8'de genişler
A66: T065 | B66: Faz 4 | C66: Doğrulama | D66: Doğrulama A: arch-test + co-sim | F66: S | G66: Orta | H66: Yapılacak | I66: T061,T062
A67: T066 | B67: Faz 5 | C67: Tasarım | D67: FP register file (f0–f31) | E67: Ayrı kayan register dosyası | F67: M | G67: Orta | H67: Yapılacak | I67: -
A68: T067 | B68: Faz 5 | C68: Tasarım | D68: fcsr/frm/fflags (CSR motoruna ekle) | E68: Yeni motor değil | F68: S | G68: Orta | H68: Yapılacak | I68: T024
A69: T068 | B69: Faz 5 | C69: Tasarım | D69: FPU: add/sub, mul | E69: Temel işlemler | F69: L | G69: Orta | H69: Yapılacak | I69: T066
A70: T069 | B70: Faz 5 | C70: Tasarım | D70: FPU: div/sqrt | E70: Multiplicative veya digit-recurrence | F70: L | G70: Orta | H70: Yapılacak | I70: T068
A71: T070 | B71: Faz 5 | C71: Tasarım | D71: FMA (FMADD/FMSUB/FNMADD/FNMSUB) | E71: R4-type | F71: M | G71: Orta | H71: Yapılacak | I71: T068
A72: T071 | B72: Faz 5 | C72: Tasarım | D72: FPU: cmp/min/max/FCLASS/convert/FSGNJ | E72: Yardımcı işlemler | F72: M | G72: Orta | H72: Yapılacak | I72: T066
A73: T072 | B73: Faz 5 | C73: Tasarım | D73: IEEE-754 köşe durumları | E73: Subnormal/NaN/rounding/flags | F73: L | G73: Yüksek | H73: Yapılacak | I73: T068 | J73: En zor doğrulama
A74: T073 | B74: Faz 5 | C74: Tasarım | D74: Karar: FPnew/CVFPU reuse mu? | E74: Sıfırdan yazmak devasa | F74: S | G74: Yüksek | H74: Yapılacak | I74: - | J74: Reuse önerilir
A75: T074 | B75: Faz 5 | C75: Tasarım | D75: FP load/store (flw/fsw) + C sıkıştırılmış | F75: S | G75: Orta | H75: Yapılacak | I75: T066
A76: T075 | B76: Faz 5 | C76: Doğrulama | D76: Doğrulama F: SoftFloat/TestFloat | E76: Differential + köşe fuzz | F76: L | G76: Yüksek | H76: Yapılacak | I76: T068 | J76: Spike tek başına yetmez
A77: T076 | B77: Faz 6 | C77: Tasarım | D77: Vektör regfile (32×VLEN) + VLEN kararı | E77: Büyük dizi | F77: L | G77: Düşük | H77: Yapılacak | I77: - | J77: VLEN: 128/256/512
A78: T077 | B78: Faz 6 | C78: Tasarım | D78: Vektör CSR'ları (vtype/vl/…) | E78: Mevcut motora ekle | F78: M | G78: Düşük | H78: Yapılacak | I78: T024
A79: T078 | B79: Faz 6 | C79: Tasarım | D79: vsetvli/vsetvl/vsetivli | E79: Konfigürasyon komutları | F79: M | G79: Düşük | H79: Yapılacak | I79: T077
A80: T079 | B80: Faz 6 | C80: Tasarım | D80: Vektör ALU + lane organizasyonu | E80: Eleman-bazlı, reduction, permütasyon | F80: XL | G80: Düşük | H80: Yapılacak | I80: T076
A81: T080 | B81: Faz 6 | C81: Tasarım | D81: Vektör load/store | E81: Unit-stride/strided/indexed/segment | F81: XL | G81: Düşük | H81: Yapılacak | I81: T064,T076 | J81: Belleği zorlar
A82: T081 | B82: Faz 6 | C82: Tasarım | D82: Maskeleme (v0) | E82: Maskeli yürütme | F82: M | G82: Düşük | H82: Yapılacak | I82: T079
A83: T082 | B83: Faz 6 | C83: Tasarım | D83: Vektör FP (F ile etkileşim) | E83: fcsr, eleman-başı exception | F83: L | G83: Düşük | H83: Yapılacak | I83: T068,T079
A84: T083 | B84: Faz 6 | C84: Tasarım | D84: Decoupled vektör birimi + hazard izleme | E84: Skalere karşı | F84: L | G84: Düşük | H84: Yapılacak | I84: T079 | J84: Chaining v1'de atla
A85: T084 | B85: Faz 6 | C85: Doğrulama | D85: Doğrulama V: arch-test + kernel'ler | E85: SAXPY/memcpy/dot | F85: L | G85: Düşük | H85: Yapılacak | I85: T079
A86: T085 | B86: Faz 7 | C86: Tasarım | D86: I-cache | F86: L | G86: Orta | H86: Yapılacak | I86: T064
A87: T086 | B87: Faz 7 | C87: Tasarım | D87: D-cache | E87: Write-back / allocate | F87: L | G87: Orta | H87: Yapılacak | I87: T064
A88: T087 | B88: Faz 7 | C88: Tasarım | D88: fence.i I-cache invalidation | F88: S | G88: Orta | H88: Yapılacak | I88: T085
A89: T088 | B89: Faz 7 | C89: Tasarım | D89: TLB/MMU (Sv32) — opsiyonel | E89: S-mode + sanal bellek | F89: XL | G89: Opsiyonel | H89: Yapılacak | I89: - | J89: Büyük dal
A90: T089 | B90: Faz 7 | C90: Doğrulama | D90: Doğrulama cache: stress + co-sim | F90: M | G90: Orta | H90: Yapılacak | I90: T085,T086
A91: T090 | B91: Faz 8 | C91: Tasarım | D91: Bus fabric (AXI4/TileLink/Wishbone) | F91: M | G91: Orta | H91: Yapılacak | I91: T064
A92: T091 | B92: Faz 8 | C92: Tasarım | D92: PLIC | E92: External interrupt controller | F92: M | G92: Orta | H92: Yapılacak | I92: T090
A93: T092 | B93: Faz 8 | C93: Tasarım | D93: UART | E93: Konsol | F93: S | G93: Orta | H93: Yapılacak | I93: T090
A94: T093 | B94: Faz 8 | C94: Tasarım | D94: Timer/GPIO/(SPI) | F94: S | G94: Düşük | H94: Yapılacak | I94: T090
A95: T094 | B95: Faz 8 | C95: Tasarım | D95: Boot (reset vektör, boot ROM) | E95: Program yükleme | F95: M | G95: Orta | H95: Yapılacak | I95: T090
A96: T095 | B96: Faz 9 | C96: Tasarım | D96: Custom opcode decode (custom-0..3) | E96: riscv_pkg + decode | F96: M | G96: Düşük | H96: Yapılacak | I96: T022
A97: T096 | B97: Faz 9 | C97: Tasarım | D97: Özel fonksiyonel birim + pipeline arayüzü | F97: M | G97: Düşük | H97: Yapılacak | I97: T095
A98: T097 | B98: Faz 9 | C98: Doğrulama | D98: Directed custom testleri | E98: Hazır compliance yok | F98: S | G98: Düşük | H98: Yapılacak | I98: T096
A99: T098 | B99: Track-F | C99: Fiziksel | D99: Sentezlenebilir RTL disiplini | E99: Gün 1'den, sürekli | F99: M | G99: Kritik | H99: Devam Ediyor | I99: - | J99: Baştan uygulanıyor
A100: T099 | B100: Track-F | C100: Fiziksel | D100: Logic synthesis + SDC | E100: Yosys / DC-Genus | F100: L | G100: Yüksek | H100: Yapılacak | I100: -
...
